{
  "classifier.0.weight": {
    "mean": -5.187697024666704e-05,
    "std": 0.025652838870882988,
    "max": 0.05347970873117447,
    "min": -0.05413098260760307
  },
  "classifier.0.bias": {
    "mean": -0.0010543885873630643,
    "std": 0.02463923767209053,
    "max": 0.044123854488134384,
    "min": -0.04756157100200653
  },
  "classifier.3.weight": {
    "mean": 0.0003601674397941679,
    "std": 0.03644004091620445,
    "max": 0.07556285709142685,
    "min": -0.07216542214155197
  },
  "classifier.3.bias": {
    "mean": 0.00597624946385622,
    "std": 0.03705501928925514,
    "max": 0.0621761679649353,
    "min": -0.059788014739751816
  },
  "classifier.6.weight": {
    "mean": 0.0013394588604569435,
    "std": 0.0757533460855484,
    "max": 0.12762276828289032,
    "min": -0.117210254073143
  },
  "classifier.6.bias": {
    "mean": -0.010642848908901215,
    "std": NaN,
    "max": -0.010642848908901215,
    "min": -0.010642848908901215
  }
}